{
    "lwjgl": {
        "fork count": 3,
        "avg(exec. time)": {
            "min": 375.5810938186364,
            "max": 375.9460313226198,
            "diff": 0.3649375039833558,
            "diff/array[0] (percentage)": "0.10%"
        },
        "median(exec. time)": {
            "min": 375.4228113163009,
            "max": 375.69559523872067,
            "diff": 0.27278392241976235,
            "diff/array[0] (percentage)": "0.07%"
        },
        "std(exec. time)": {
            "min": 1.0874299295437044,
            "max": 1.7797913477608283,
            "diff": 0.6923614182171238,
            "diff/array[0] (percentage)": "63.67%"
        },
        "avg(alloc. rate)": {
            "min": 440.00261278930725,
            "max": 440.00261551103324,
            "diff": 2.7217259912504232e-06,
            "diff/array[0] (percentage)": "0.00%"
        },
        "median(alloc. rate)": {
            "min": 440.00259646738454,
            "max": 440.0025978956001,
            "diff": 1.428215568921587e-06,
            "diff/array[0] (percentage)": "0.00%"
        },
        "std(alloc. rate)": {
            "min": 0.0002796641820251668,
            "max": 0.00028307332184142705,
            "diff": 3.409139816260248e-06,
            "diff/array[0] (percentage)": "1.20%"
        }
    },
    "ffma": {
        "fork count": 3,
        "avg(exec. time)": {
            "min": 643.920856474433,
            "max": 646.997651338212,
            "diff": 3.076794863779014,
            "diff/array[0] (percentage)": "0.48%"
        },
        "median(exec. time)": {
            "min": 643.6642867424384,
            "max": 646.6003965325301,
            "diff": 2.9361097900916775,
            "diff/array[0] (percentage)": "0.46%"
        },
        "std(exec. time)": {
            "min": 1.871541655448658,
            "max": 3.2789670230922088,
            "diff": 1.4074253676435509,
            "diff/array[0] (percentage)": "56.52%"
        },
        "avg(alloc. rate)": {
            "min": 512.0044762751054,
            "max": 512.0045017334018,
            "diff": 2.5458296363467525e-05,
            "diff/array[0] (percentage)": "0.00%"
        },
        "median(alloc. rate)": {
            "min": 512.004448096849,
            "max": 512.0044735162877,
            "diff": 2.5419438657081628e-05,
            "diff/array[0] (percentage)": "0.00%"
        },
        "std(alloc. rate)": {
            "min": 0.0004818295452326498,
            "max": 0.00048626920651168693,
            "diff": 4.439661279037133e-06,
            "diff/array[0] (percentage)": "0.92%"
        }
    },
    "lutils": {
        "fork count": 3,
        "avg(exec. time)": {
            "min": 30893.630294201797,
            "max": 31340.930760574764,
            "diff": 447.3004663729662,
            "diff/array[0] (percentage)": "1.43%"
        },
        "median(exec. time)": {
            "min": 29861.927837998017,
            "max": 30387.154547493315,
            "diff": 525.2267094952986,
            "diff/array[0] (percentage)": "1.73%"
        },
        "std(exec. time)": {
            "min": 2631.2054901873903,
            "max": 2778.245452627033,
            "diff": 147.03996243964275,
            "diff/array[0] (percentage)": "5.59%"
        },
        "avg(alloc. rate)": {
            "min": 23472.21390141118,
            "max": 23472.216928264424,
            "diff": 0.0030268532427726313,
            "diff/array[0] (percentage)": "0.00%"
        },
        "median(alloc. rate)": {
            "min": 23472.20444312077,
            "max": 23472.207358304673,
            "diff": 0.002915183904406149,
            "diff/array[0] (percentage)": "0.00%"
        },
        "std(alloc. rate)": {
            "min": 0.02825509356047542,
            "max": 0.02999844604690342,
            "diff": 0.0017433524864279987,
            "diff/array[0] (percentage)": "5.96%"
        }
    },
    "jna": {
        "fork count": 3,
        "avg(exec. time)": {
            "min": 87122.13841145075,
            "max": 88093.05061630324,
            "diff": 970.9122048524878,
            "diff/array[0] (percentage)": "1.11%"
        },
        "median(exec. time)": {
            "min": 88129.49864498532,
            "max": 89020.1280259879,
            "diff": 890.6293810025818,
            "diff/array[0] (percentage)": "1.01%"
        },
        "std(exec. time)": {
            "min": 1877.561408928393,
            "max": 2114.094837829221,
            "diff": 236.53342890082808,
            "diff/array[0] (percentage)": "11.98%"
        },
        "avg(alloc. rate)": {
            "min": 41794.605102153364,
            "max": 41797.100461123075,
            "diff": 2.495358969710651,
            "diff/array[0] (percentage)": "0.01%"
        },
        "median(alloc. rate)": {
            "min": 41855.25941187131,
            "max": 41858.559946704016,
            "diff": 3.3005348327060346,
            "diff/array[0] (percentage)": "0.01%"
        },
        "std(alloc. rate)": {
            "min": 89.41911905859064,
            "max": 90.44520472328719,
            "diff": 1.0260856646965522,
            "diff/array[0] (percentage)": "1.13%"
        }
    }
}