{
    "lwjgl": {
        "fork count": 3,
        "avg(exec. time)": {
            "min": 249.27010141788708,
            "max": 251.7752776277664,
            "diff": 2.5051762098793233,
            "diff/array[0] (percentage)": "1.00%"
        },
        "median(exec. time)": {
            "min": 249.08616433581284,
            "max": 251.69043622832817,
            "diff": 2.604271892515328,
            "diff/array[0] (percentage)": "1.03%"
        },
        "std(exec. time)": {
            "min": 0.8171840217833358,
            "max": 1.3251847212442387,
            "diff": 0.5080006994609029,
            "diff/array[0] (percentage)": "62.16%"
        },
        "avg(alloc. rate)": {
            "min": 448.0017337796245,
            "max": 448.00175128143763,
            "diff": 1.750181314719157e-05,
            "diff/array[0] (percentage)": "0.00%"
        },
        "median(alloc. rate)": {
            "min": 448.00172191659334,
            "max": 448.0017402939292,
            "diff": 1.8377335834429687e-05,
            "diff/array[0] (percentage)": "0.00%"
        },
        "std(alloc. rate)": {
            "min": 0.00018622157052345674,
            "max": 0.0001899305001583449,
            "diff": 3.7089296348881656e-06,
            "diff/array[0] (percentage)": "1.99%"
        }
    },
    "ffma": {
        "fork count": 3,
        "avg(exec. time)": {
            "min": 1080.4366791263612,
            "max": 1084.3831915278736,
            "diff": 3.9465124015123365,
            "diff/array[0] (percentage)": "0.36%"
        },
        "median(exec. time)": {
            "min": 1080.043264890016,
            "max": 1084.1364572390473,
            "diff": 4.093192349031369,
            "diff/array[0] (percentage)": "0.38%"
        },
        "std(exec. time)": {
            "min": 2.8493892361021818,
            "max": 3.148569684146844,
            "diff": 0.29918044804466204,
            "diff/array[0] (percentage)": "10.32%"
        },
        "avg(alloc. rate)": {
            "min": 1168.0075164195657,
            "max": 1168.0075433769543,
            "diff": 2.69573886271246e-05,
            "diff/array[0] (percentage)": "0.00%"
        },
        "median(alloc. rate)": {
            "min": 1168.0074688070333,
            "max": 1168.0074965754575,
            "diff": 2.7768424160967697e-05,
            "diff/array[0] (percentage)": "0.00%"
        },
        "std(alloc. rate)": {
            "min": 0.0008025356451716534,
            "max": 0.0008121040260658812,
            "diff": 9.568380894227888e-06,
            "diff/array[0] (percentage)": "1.18%"
        }
    },
    "lutils": {
        "fork count": 3,
        "avg(exec. time)": {
            "min": 3553.9134684581736,
            "max": 3634.5072725028735,
            "diff": 80.59380404469994,
            "diff/array[0] (percentage)": "2.22%"
        },
        "median(exec. time)": {
            "min": 3546.6913404915963,
            "max": 3670.1103004600072,
            "diff": 123.41895996841095,
            "diff/array[0] (percentage)": "3.36%"
        },
        "std(exec. time)": {
            "min": 122.22637184542307,
            "max": 250.92393649618813,
            "diff": 128.69756465076506,
            "diff/array[0] (percentage)": "51.29%"
        },
        "avg(alloc. rate)": {
            "min": 2368.022179548698,
            "max": 2400.0242014447895,
            "diff": 32.002021896091264,
            "diff/array[0] (percentage)": "1.33%"
        },
        "median(alloc. rate)": {
            "min": 2368.0214481204966,
            "max": 2400.0248759750484,
            "diff": 32.003427854551774,
            "diff/array[0] (percentage)": "1.33%"
        },
        "std(alloc. rate)": {
            "min": 0.0027773452108605114,
            "max": 0.003172383954856619,
            "diff": 0.0003950387439961077,
            "diff/array[0] (percentage)": "12.45%"
        }
    },
    "jna": {
        "fork count": 3,
        "avg(exec. time)": {
            "min": 11835.933003275628,
            "max": 12330.614756623823,
            "diff": 494.68175334819534,
            "diff/array[0] (percentage)": "4.01%"
        },
        "median(exec. time)": {
            "min": 11033.567523724094,
            "max": 11555.492163529594,
            "diff": 521.9246398055002,
            "diff/array[0] (percentage)": "4.52%"
        },
        "std(exec. time)": {
            "min": 1520.778962476176,
            "max": 1583.9312070645615,
            "diff": 63.15224458838543,
            "diff/array[0] (percentage)": "3.99%"
        },
        "avg(alloc. rate)": {
            "min": 4415.982885177583,
            "max": 4422.04490295178,
            "diff": 6.062017774197557,
            "diff/array[0] (percentage)": "0.14%"
        },
        "median(alloc. rate)": {
            "min": 4396.159232099464,
            "max": 4405.830356320535,
            "diff": 9.671124221071295,
            "diff/array[0] (percentage)": "0.22%"
        },
        "std(alloc. rate)": {
            "min": 67.86944119214925,
            "max": 75.34757805224972,
            "diff": 7.478136860100463,
            "diff/array[0] (percentage)": "10.68%"
        }
    }
}